{"initial_reset_timestamp": 1581273414.5557642, "timestamps": [1581273417.7076354], "episode_lengths": [1021], "episode_rewards": [-21.0], "episode_types": ["t"]}